duration_seconds,expected_seconds,experiment,final_train_loss,final_val_loss,peak_gpu_memory_bytes,readable_duration,run_id,seed,status,configuration
0.6091497510000181,20.0,setup,,,0,0.61s,setup,42,ok,"{""profile"": ""full""}"
1.53719803300001,1.0,optimizer_diagnostics,,,0,1.54s,optimizer-diagnostics,,ok,{}
6.515734168999984,11.0,scheduler_tuning,5.468116283416748,5.574001908302307,138884096,6.52s,tune-cosine-lr0.00015-wu10,42,ok,"{""batch_size"": 8, ""context"": 128, ""log_ratios"": false, ""peak_lr"": 0.00015, ""planned_steps"": 300, ""schedule"": ""cosine"", ""seed"": 42, ""steps"": 200, ""warmup"": 10, ""weight_decay"": 0.1, ""width"": 256}"
2.750912348000014,11.0,scheduler_tuning,5.47130012512207,5.574129819869995,138884096,2.75s,tune-cosine-lr0.00015-wu20,42,ok,"{""batch_size"": 8, ""context"": 128, ""log_ratios"": false, ""peak_lr"": 0.00015, ""planned_steps"": 300, ""schedule"": ""cosine"", ""seed"": 42, ""steps"": 200, ""warmup"": 20, ""weight_decay"": 0.1, ""width"": 256}"
3.3757840129999863,11.0,scheduler_tuning,5.474624156951904,5.57425057888031,138884096,3.38s,tune-cosine-lr0.00015-wu40,42,ok,"{""batch_size"": 8, ""context"": 128, ""log_ratios"": false, ""peak_lr"": 0.00015, ""planned_steps"": 300, ""schedule"": ""cosine"", ""seed"": 42, ""steps"": 200, ""warmup"": 40, ""weight_decay"": 0.1, ""width"": 256}"
2.2926237049999827,11.0,scheduler_tuning,5.345066070556641,5.467471480369568,138884096,2.29s,tune-cosine-lr0.0003-wu10,42,ok,"{""batch_size"": 8, ""context"": 128, ""log_ratios"": false, ""peak_lr"": 0.0003, ""planned_steps"": 300, ""schedule"": ""cosine"", ""seed"": 42, ""steps"": 200, ""warmup"": 10, ""weight_decay"": 0.1, ""width"": 256}"
2.2432182529999807,11.0,scheduler_tuning,5.350053787231445,5.46690034866333,138884096,2.24s,tune-cosine-lr0.0003-wu20,42,ok,"{""batch_size"": 8, ""context"": 128, ""log_ratios"": false, ""peak_lr"": 0.0003, ""planned_steps"": 300, ""schedule"": ""cosine"", ""seed"": 42, ""steps"": 200, ""warmup"": 20, ""weight_decay"": 0.1, ""width"": 256}"
2.3078448830000013,11.0,scheduler_tuning,5.352109432220459,5.463215112686157,138884096,2.31s,tune-cosine-lr0.0003-wu40,42,ok,"{""batch_size"": 8, ""context"": 128, ""log_ratios"": false, ""peak_lr"": 0.0003, ""planned_steps"": 300, ""schedule"": ""cosine"", ""seed"": 42, ""steps"": 200, ""warmup"": 40, ""weight_decay"": 0.1, ""width"": 256}"
2.253673176999996,11.0,scheduler_tuning,5.293388843536377,5.4041454792022705,138884096,2.25s,tune-cosine-lr0.0006-wu10,42,ok,"{""batch_size"": 8, ""context"": 128, ""log_ratios"": false, ""peak_lr"": 0.0006, ""planned_steps"": 300, ""schedule"": ""cosine"", ""seed"": 42, ""steps"": 200, ""warmup"": 10, ""weight_decay"": 0.1, ""width"": 256}"
2.8262514580000015,11.0,scheduler_tuning,5.311794281005859,5.413276195526123,138884096,2.83s,tune-cosine-lr0.0006-wu20,42,ok,"{""batch_size"": 8, ""context"": 128, ""log_ratios"": false, ""peak_lr"": 0.0006, ""planned_steps"": 300, ""schedule"": ""cosine"", ""seed"": 42, ""steps"": 200, ""warmup"": 20, ""weight_decay"": 0.1, ""width"": 256}"
2.2311529849999943,11.0,scheduler_tuning,5.2940216064453125,5.408668756484985,138884096,2.23s,tune-cosine-lr0.0006-wu40,42,ok,"{""batch_size"": 8, ""context"": 128, ""log_ratios"": false, ""peak_lr"": 0.0006, ""planned_steps"": 300, ""schedule"": ""cosine"", ""seed"": 42, ""steps"": 200, ""warmup"": 40, ""weight_decay"": 0.1, ""width"": 256}"
2.1993844100000217,11.0,scheduler_tuning,5.283380031585693,5.393768668174744,138884096,2.20s,tune-cosine-lr0.0012-wu10,42,ok,"{""batch_size"": 8, ""context"": 128, ""log_ratios"": false, ""peak_lr"": 0.0012, ""planned_steps"": 300, ""schedule"": ""cosine"", ""seed"": 42, ""steps"": 200, ""warmup"": 10, ""weight_decay"": 0.1, ""width"": 256}"
2.220204405000004,11.0,scheduler_tuning,5.312544345855713,5.413321018218994,138884096,2.22s,tune-cosine-lr0.0012-wu20,42,ok,"{""batch_size"": 8, ""context"": 128, ""log_ratios"": false, ""peak_lr"": 0.0012, ""planned_steps"": 300, ""schedule"": ""cosine"", ""seed"": 42, ""steps"": 200, ""warmup"": 20, ""weight_decay"": 0.1, ""width"": 256}"
2.1989765569999804,11.0,scheduler_tuning,5.297215461730957,5.401623964309692,138884096,2.20s,tune-cosine-lr0.0012-wu40,42,ok,"{""batch_size"": 8, ""context"": 128, ""log_ratios"": false, ""peak_lr"": 0.0012, ""planned_steps"": 300, ""schedule"": ""cosine"", ""seed"": 42, ""steps"": 200, ""warmup"": 40, ""weight_decay"": 0.1, ""width"": 256}"
2.5211727029999906,11.0,scheduler_tuning,5.429558753967285,5.5310362577438354,138884096,2.52s,tune-wsd-lr0.00015-wu10,42,ok,"{""batch_size"": 8, ""context"": 128, ""log_ratios"": false, ""peak_lr"": 0.00015, ""planned_steps"": 300, ""schedule"": ""wsd"", ""seed"": 42, ""steps"": 200, ""warmup"": 10, ""weight_decay"": 0.1, ""width"": 256}"
2.5255229910000025,11.0,scheduler_tuning,5.436863899230957,5.536850333213806,138884096,2.53s,tune-wsd-lr0.00015-wu20,42,ok,"{""batch_size"": 8, ""context"": 128, ""log_ratios"": false, ""peak_lr"": 0.00015, ""planned_steps"": 300, ""schedule"": ""wsd"", ""seed"": 42, ""steps"": 200, ""warmup"": 20, ""weight_decay"": 0.1, ""width"": 256}"
2.270690295999998,11.0,scheduler_tuning,5.447475433349609,5.5474852323532104,138884096,2.27s,tune-wsd-lr0.00015-wu40,42,ok,"{""batch_size"": 8, ""context"": 128, ""log_ratios"": false, ""peak_lr"": 0.00015, ""planned_steps"": 300, ""schedule"": ""wsd"", ""seed"": 42, ""steps"": 200, ""warmup"": 40, ""weight_decay"": 0.1, ""width"": 256}"
2.2109131610000077,11.0,scheduler_tuning,5.33910608291626,5.477297067642212,138884096,2.21s,tune-wsd-lr0.0003-wu10,42,ok,"{""batch_size"": 8, ""context"": 128, ""log_ratios"": false, ""peak_lr"": 0.0003, ""planned_steps"": 300, ""schedule"": ""wsd"", ""seed"": 42, ""steps"": 200, ""warmup"": 10, ""weight_decay"": 0.1, ""width"": 256}"
2.2170201129999896,11.0,scheduler_tuning,5.344815254211426,5.485362410545349,138884096,2.22s,tune-wsd-lr0.0003-wu20,42,ok,"{""batch_size"": 8, ""context"": 128, ""log_ratios"": false, ""peak_lr"": 0.0003, ""planned_steps"": 300, ""schedule"": ""wsd"", ""seed"": 42, ""steps"": 200, ""warmup"": 20, ""weight_decay"": 0.1, ""width"": 256}"
2.4143131280000034,11.0,scheduler_tuning,5.34637451171875,5.485232591629028,138884096,2.41s,tune-wsd-lr0.0003-wu40,42,ok,"{""batch_size"": 8, ""context"": 128, ""log_ratios"": false, ""peak_lr"": 0.0003, ""planned_steps"": 300, ""schedule"": ""wsd"", ""seed"": 42, ""steps"": 200, ""warmup"": 40, ""weight_decay"": 0.1, ""width"": 256}"
2.8699663550000025,11.0,scheduler_tuning,5.311103820800781,5.440499424934387,138884096,2.87s,tune-wsd-lr0.0006-wu10,42,ok,"{""batch_size"": 8, ""context"": 128, ""log_ratios"": false, ""peak_lr"": 0.0006, ""planned_steps"": 300, ""schedule"": ""wsd"", ""seed"": 42, ""steps"": 200, ""warmup"": 10, ""weight_decay"": 0.1, ""width"": 256}"
2.276286048000003,11.0,scheduler_tuning,5.339515686035156,5.466810941696167,138884096,2.28s,tune-wsd-lr0.0006-wu20,42,ok,"{""batch_size"": 8, ""context"": 128, ""log_ratios"": false, ""peak_lr"": 0.0006, ""planned_steps"": 300, ""schedule"": ""wsd"", ""seed"": 42, ""steps"": 200, ""warmup"": 20, ""weight_decay"": 0.1, ""width"": 256}"
2.260282908000022,11.0,scheduler_tuning,5.330439567565918,5.465359449386597,138884096,2.26s,tune-wsd-lr0.0006-wu40,42,ok,"{""batch_size"": 8, ""context"": 128, ""log_ratios"": false, ""peak_lr"": 0.0006, ""planned_steps"": 300, ""schedule"": ""wsd"", ""seed"": 42, ""steps"": 200, ""warmup"": 40, ""weight_decay"": 0.1, ""width"": 256}"
2.2615041199999837,11.0,scheduler_tuning,5.368446350097656,5.438701152801514,138884096,2.26s,tune-wsd-lr0.0012-wu10,42,ok,"{""batch_size"": 8, ""context"": 128, ""log_ratios"": false, ""peak_lr"": 0.0012, ""planned_steps"": 300, ""schedule"": ""wsd"", ""seed"": 42, ""steps"": 200, ""warmup"": 10, ""weight_decay"": 0.1, ""width"": 256}"
2.245690890999981,11.0,scheduler_tuning,5.365477561950684,5.474208831787109,138884096,2.25s,tune-wsd-lr0.0012-wu20,42,ok,"{""batch_size"": 8, ""context"": 128, ""log_ratios"": false, ""peak_lr"": 0.0012, ""planned_steps"": 300, ""schedule"": ""wsd"", ""seed"": 42, ""steps"": 200, ""warmup"": 20, ""weight_decay"": 0.1, ""width"": 256}"
2.7996586840000077,11.0,scheduler_tuning,5.355571269989014,5.481107115745544,138884096,2.80s,tune-wsd-lr0.0012-wu40,42,ok,"{""batch_size"": 8, ""context"": 128, ""log_ratios"": false, ""peak_lr"": 0.0012, ""planned_steps"": 300, ""schedule"": ""wsd"", ""seed"": 42, ""steps"": 200, ""warmup"": 40, ""weight_decay"": 0.1, ""width"": 256}"
3.210783668000005,13.0,scheduler_final,5.283380031585693,5.393768668174744,151816192,3.21s,final-cosine,42,ok,"{""batch_size"": 8, ""context"": 128, ""log_ratios"": true, ""peak_lr"": 0.0012, ""planned_steps"": 300, ""schedule"": ""cosine"", ""seed"": 42, ""steps"": 200, ""warmup"": 10, ""weight_decay"": 0.1, ""width"": 256}"
3.1477514699999745,13.0,scheduler_final,5.368446350097656,5.438701152801514,151816192,3.15s,final-wsd,42,ok,"{""batch_size"": 8, ""context"": 128, ""log_ratios"": true, ""peak_lr"": 0.0012, ""planned_steps"": 300, ""schedule"": ""wsd"", ""seed"": 42, ""steps"": 200, ""warmup"": 10, ""weight_decay"": 0.1, ""width"": 256}"
1.3747846420000087,7.199999999999999,width_sweep,5.708455562591553,5.824765563011169,138884096,1.37s,width-256-lr0.0001-seed42,42,ok,"{""batch_size"": 8, ""context"": 128, ""log_ratios"": false, ""peak_lr"": 0.0001, ""planned_steps"": 120, ""schedule"": ""warmup_stable"", ""seed"": 42, ""steps"": 120, ""warmup"": 20, ""weight_decay"": 0.1, ""width"": 256}"
1.4648075469999924,7.199999999999999,width_sweep,5.545140266418457,5.630785226821899,138884096,1.46s,width-256-lr0.0002-seed42,42,ok,"{""batch_size"": 8, ""context"": 128, ""log_ratios"": false, ""peak_lr"": 0.0002, ""planned_steps"": 120, ""schedule"": ""warmup_stable"", ""seed"": 42, ""steps"": 120, ""warmup"": 20, ""weight_decay"": 0.1, ""width"": 256}"
1.6854353230000072,7.199999999999999,width_sweep,5.465724468231201,5.546072721481323,138884096,1.69s,width-256-lr0.0004-seed42,42,ok,"{""batch_size"": 8, ""context"": 128, ""log_ratios"": false, ""peak_lr"": 0.0004, ""planned_steps"": 120, ""schedule"": ""warmup_stable"", ""seed"": 42, ""steps"": 120, ""warmup"": 20, ""weight_decay"": 0.1, ""width"": 256}"
1.8466154950000089,7.199999999999999,width_sweep,5.468153953552246,5.550170183181763,138884096,1.85s,width-256-lr0.0008-seed42,42,ok,"{""batch_size"": 8, ""context"": 128, ""log_ratios"": false, ""peak_lr"": 0.0008, ""planned_steps"": 120, ""schedule"": ""warmup_stable"", ""seed"": 42, ""steps"": 120, ""warmup"": 20, ""weight_decay"": 0.1, ""width"": 256}"
1.434356811999976,7.199999999999999,width_sweep,5.495176792144775,5.602641701698303,138884096,1.43s,width-256-lr0.0016-seed42,42,ok,"{""batch_size"": 8, ""context"": 128, ""log_ratios"": false, ""peak_lr"": 0.0016, ""planned_steps"": 120, ""schedule"": ""warmup_stable"", ""seed"": 42, ""steps"": 120, ""warmup"": 20, ""weight_decay"": 0.1, ""width"": 256}"
1.5063230479999845,7.199999999999999,width_sweep,5.499687194824219,5.574299335479736,138884096,1.51s,width-256-lr0.00028284271-seed42,42,ok,"{""batch_size"": 8, ""context"": 128, ""log_ratios"": false, ""peak_lr"": 0.000282842712474619, ""planned_steps"": 120, ""schedule"": ""warmup_stable"", ""seed"": 42, ""steps"": 120, ""warmup"": 20, ""weight_decay"": 0.1, ""width"": 256}"
1.4297022489999733,7.199999999999999,width_sweep,5.458046913146973,5.54379141330719,138884096,1.43s,width-256-lr0.00056568542-seed42,42,ok,"{""batch_size"": 8, ""context"": 128, ""log_ratios"": false, ""peak_lr"": 0.000565685424949238, ""planned_steps"": 120, ""schedule"": ""warmup_stable"", ""seed"": 42, ""steps"": 120, ""warmup"": 20, ""weight_decay"": 0.1, ""width"": 256}"
1.4209876680000093,7.199999999999999,width_sweep,5.47684907913208,5.545560717582703,138884096,1.42s,width-256-lr0.0004-seed314,314,ok,"{""batch_size"": 8, ""context"": 128, ""log_ratios"": false, ""peak_lr"": 0.0004, ""planned_steps"": 120, ""schedule"": ""warmup_stable"", ""seed"": 314, ""steps"": 120, ""warmup"": 20, ""weight_decay"": 0.1, ""width"": 256}"
1.4246795460000214,7.199999999999999,width_sweep,5.473194122314453,5.548466444015503,138884096,1.42s,width-256-lr0.0004-seed2718,2718,ok,"{""batch_size"": 8, ""context"": 128, ""log_ratios"": false, ""peak_lr"": 0.0004, ""planned_steps"": 120, ""schedule"": ""warmup_stable"", ""seed"": 2718, ""steps"": 120, ""warmup"": 20, ""weight_decay"": 0.1, ""width"": 256}"
1.403674518999992,7.199999999999999,width_sweep,5.478842735290527,5.550184011459351,138884096,1.40s,width-256-lr0.00056568542-seed314,314,ok,"{""batch_size"": 8, ""context"": 128, ""log_ratios"": false, ""peak_lr"": 0.000565685424949238, ""planned_steps"": 120, ""schedule"": ""warmup_stable"", ""seed"": 314, ""steps"": 120, ""warmup"": 20, ""weight_decay"": 0.1, ""width"": 256}"
1.5280786790000036,7.199999999999999,width_sweep,5.468123435974121,5.554540276527405,138884096,1.53s,width-256-lr0.00056568542-seed2718,2718,ok,"{""batch_size"": 8, ""context"": 128, ""log_ratios"": false, ""peak_lr"": 0.000565685424949238, ""planned_steps"": 120, ""schedule"": ""warmup_stable"", ""seed"": 2718, ""steps"": 120, ""warmup"": 20, ""weight_decay"": 0.1, ""width"": 256}"
1.8111645440000075,7.199999999999999,width_sweep,5.46915340423584,5.558731436729431,138884096,1.81s,width-256-lr0.0008-seed314,314,ok,"{""batch_size"": 8, ""context"": 128, ""log_ratios"": false, ""peak_lr"": 0.0008, ""planned_steps"": 120, ""schedule"": ""warmup_stable"", ""seed"": 314, ""steps"": 120, ""warmup"": 20, ""weight_decay"": 0.1, ""width"": 256}"
1.523727373000014,7.199999999999999,width_sweep,5.450713157653809,5.533804774284363,138884096,1.52s,width-256-lr0.0008-seed2718,2718,ok,"{""batch_size"": 8, ""context"": 128, ""log_ratios"": false, ""peak_lr"": 0.0008, ""planned_steps"": 120, ""schedule"": ""warmup_stable"", ""seed"": 2718, ""steps"": 120, ""warmup"": 20, ""weight_decay"": 0.1, ""width"": 256}"
1.417315765000012,7.199999999999999,width_sweep,5.511731147766113,5.5714945793151855,138884096,1.42s,width-256-lr0.00028284271-seed314,314,ok,"{""batch_size"": 8, ""context"": 128, ""log_ratios"": false, ""peak_lr"": 0.000282842712474619, ""planned_steps"": 120, ""schedule"": ""warmup_stable"", ""seed"": 314, ""steps"": 120, ""warmup"": 20, ""weight_decay"": 0.1, ""width"": 256}"
1.4321104619999971,7.199999999999999,width_sweep,5.505553245544434,5.5757668018341064,138884096,1.43s,width-256-lr0.00028284271-seed2718,2718,ok,"{""batch_size"": 8, ""context"": 128, ""log_ratios"": false, ""peak_lr"": 0.000282842712474619, ""planned_steps"": 120, ""schedule"": ""warmup_stable"", ""seed"": 2718, ""steps"": 120, ""warmup"": 20, ""weight_decay"": 0.1, ""width"": 256}"
4.094210127999986,28.799999999999997,width_sweep,5.497774600982666,5.567060351371765,333922304,4.09s,width-512-lr0.0001-seed42,42,ok,"{""batch_size"": 8, ""context"": 128, ""log_ratios"": false, ""peak_lr"": 0.0001, ""planned_steps"": 120, ""schedule"": ""warmup_stable"", ""seed"": 42, ""steps"": 120, ""warmup"": 20, ""weight_decay"": 0.1, ""width"": 512}"
4.125134082999978,28.799999999999997,width_sweep,5.462244987487793,5.517667531967163,331825152,4.13s,width-512-lr0.0002-seed42,42,ok,"{""batch_size"": 8, ""context"": 128, ""log_ratios"": false, ""peak_lr"": 0.0002, ""planned_steps"": 120, ""schedule"": ""warmup_stable"", ""seed"": 42, ""steps"": 120, ""warmup"": 20, ""weight_decay"": 0.1, ""width"": 512}"
4.189486885000008,28.799999999999997,width_sweep,5.482419967651367,5.554354548454285,331825152,4.19s,width-512-lr0.0004-seed42,42,ok,"{""batch_size"": 8, ""context"": 128, ""log_ratios"": false, ""peak_lr"": 0.0004, ""planned_steps"": 120, ""schedule"": ""warmup_stable"", ""seed"": 42, ""steps"": 120, ""warmup"": 20, ""weight_decay"": 0.1, ""width"": 512}"
4.3279686250000395,28.799999999999997,width_sweep,5.525073051452637,5.625934839248657,331825152,4.33s,width-512-lr0.0008-seed42,42,ok,"{""batch_size"": 8, ""context"": 128, ""log_ratios"": false, ""peak_lr"": 0.0008, ""planned_steps"": 120, ""schedule"": ""warmup_stable"", ""seed"": 42, ""steps"": 120, ""warmup"": 20, ""weight_decay"": 0.1, ""width"": 512}"
4.204578906999984,28.799999999999997,width_sweep,5.62476921081543,5.708897233009338,331825152,4.20s,width-512-lr0.0016-seed42,42,ok,"{""batch_size"": 8, ""context"": 128, ""log_ratios"": false, ""peak_lr"": 0.0016, ""planned_steps"": 120, ""schedule"": ""warmup_stable"", ""seed"": 42, ""steps"": 120, ""warmup"": 20, ""weight_decay"": 0.1, ""width"": 512}"
4.219015677000016,28.799999999999997,width_sweep,5.47158670425415,5.526751160621643,331825152,4.22s,width-512-lr0.00014142136-seed42,42,ok,"{""batch_size"": 8, ""context"": 128, ""log_ratios"": false, ""peak_lr"": 0.0001414213562373095, ""planned_steps"": 120, ""schedule"": ""warmup_stable"", ""seed"": 42, ""steps"": 120, ""warmup"": 20, ""weight_decay"": 0.1, ""width"": 512}"
4.129114902000026,28.799999999999997,width_sweep,5.453795433044434,5.516704320907593,331825152,4.13s,width-512-lr0.00028284271-seed42,42,ok,"{""batch_size"": 8, ""context"": 128, ""log_ratios"": false, ""peak_lr"": 0.000282842712474619, ""planned_steps"": 120, ""schedule"": ""warmup_stable"", ""seed"": 42, ""steps"": 120, ""warmup"": 20, ""weight_decay"": 0.1, ""width"": 512}"
4.124168031000011,28.799999999999997,width_sweep,5.4532470703125,5.527679443359375,331825152,4.12s,width-512-lr0.0002-seed314,314,ok,"{""batch_size"": 8, ""context"": 128, ""log_ratios"": false, ""peak_lr"": 0.0002, ""planned_steps"": 120, ""schedule"": ""warmup_stable"", ""seed"": 314, ""steps"": 120, ""warmup"": 20, ""weight_decay"": 0.1, ""width"": 512}"
4.075197527,28.799999999999997,width_sweep,5.473671913146973,5.511094689369202,331825152,4.08s,width-512-lr0.0002-seed2718,2718,ok,"{""batch_size"": 8, ""context"": 128, ""log_ratios"": false, ""peak_lr"": 0.0002, ""planned_steps"": 120, ""schedule"": ""warmup_stable"", ""seed"": 2718, ""steps"": 120, ""warmup"": 20, ""weight_decay"": 0.1, ""width"": 512}"
4.04127672300001,28.799999999999997,width_sweep,5.460329532623291,5.548874020576477,331825152,4.04s,width-512-lr0.00028284271-seed314,314,ok,"{""batch_size"": 8, ""context"": 128, ""log_ratios"": false, ""peak_lr"": 0.000282842712474619, ""planned_steps"": 120, ""schedule"": ""warmup_stable"", ""seed"": 314, ""steps"": 120, ""warmup"": 20, ""weight_decay"": 0.1, ""width"": 512}"
4.042754919999993,28.799999999999997,width_sweep,5.476379871368408,5.527483105659485,331825152,4.04s,width-512-lr0.00028284271-seed2718,2718,ok,"{""batch_size"": 8, ""context"": 128, ""log_ratios"": false, ""peak_lr"": 0.000282842712474619, ""planned_steps"": 120, ""schedule"": ""warmup_stable"", ""seed"": 2718, ""steps"": 120, ""warmup"": 20, ""weight_decay"": 0.1, ""width"": 512}"
4.105413559999988,28.799999999999997,width_sweep,5.481901168823242,5.607558250427246,331825152,4.11s,width-512-lr0.0004-seed314,314,ok,"{""batch_size"": 8, ""context"": 128, ""log_ratios"": false, ""peak_lr"": 0.0004, ""planned_steps"": 120, ""schedule"": ""warmup_stable"", ""seed"": 314, ""steps"": 120, ""warmup"": 20, ""weight_decay"": 0.1, ""width"": 512}"
4.004324086999986,28.799999999999997,width_sweep,5.501252174377441,5.5584715604782104,331825152,4.00s,width-512-lr0.0004-seed2718,2718,ok,"{""batch_size"": 8, ""context"": 128, ""log_ratios"": false, ""peak_lr"": 0.0004, ""planned_steps"": 120, ""schedule"": ""warmup_stable"", ""seed"": 2718, ""steps"": 120, ""warmup"": 20, ""weight_decay"": 0.1, ""width"": 512}"
4.030444748000036,28.799999999999997,width_sweep,5.463074207305908,5.540368437767029,331825152,4.03s,width-512-lr0.00014142136-seed314,314,ok,"{""batch_size"": 8, ""context"": 128, ""log_ratios"": false, ""peak_lr"": 0.0001414213562373095, ""planned_steps"": 120, ""schedule"": ""warmup_stable"", ""seed"": 314, ""steps"": 120, ""warmup"": 20, ""weight_decay"": 0.1, ""width"": 512}"
4.1243326809999985,28.799999999999997,width_sweep,5.481691360473633,5.525407671928406,331825152,4.12s,width-512-lr0.00014142136-seed2718,2718,ok,"{""batch_size"": 8, ""context"": 128, ""log_ratios"": false, ""peak_lr"": 0.0001414213562373095, ""planned_steps"": 120, ""schedule"": ""warmup_stable"", ""seed"": 2718, ""steps"": 120, ""warmup"": 20, ""weight_decay"": 0.1, ""width"": 512}"
13.843402682999965,115.19999999999999,width_sweep,5.496857643127441,5.549571514129639,1031639552,13.84s,width-1024-lr0.0001-seed42,42,ok,"{""batch_size"": 8, ""context"": 128, ""log_ratios"": false, ""peak_lr"": 0.0001, ""planned_steps"": 120, ""schedule"": ""warmup_stable"", ""seed"": 42, ""steps"": 120, ""warmup"": 20, ""weight_decay"": 0.1, ""width"": 1024}"
14.028182399999992,115.19999999999999,width_sweep,5.503562927246094,5.567724227905273,1031639552,14.03s,width-1024-lr0.0002-seed42,42,ok,"{""batch_size"": 8, ""context"": 128, ""log_ratios"": false, ""peak_lr"": 0.0002, ""planned_steps"": 120, ""schedule"": ""warmup_stable"", ""seed"": 42, ""steps"": 120, ""warmup"": 20, ""weight_decay"": 0.1, ""width"": 1024}"
14.052657246000024,115.19999999999999,width_sweep,5.523580551147461,5.628080129623413,1031639552,14.05s,width-1024-lr0.0004-seed42,42,ok,"{""batch_size"": 8, ""context"": 128, ""log_ratios"": false, ""peak_lr"": 0.0004, ""planned_steps"": 120, ""schedule"": ""warmup_stable"", ""seed"": 42, ""steps"": 120, ""warmup"": 20, ""weight_decay"": 0.1, ""width"": 1024}"
13.993149012999993,115.19999999999999,width_sweep,5.576138973236084,5.684533476829529,1031639552,13.99s,width-1024-lr0.0008-seed42,42,ok,"{""batch_size"": 8, ""context"": 128, ""log_ratios"": false, ""peak_lr"": 0.0008, ""planned_steps"": 120, ""schedule"": ""warmup_stable"", ""seed"": 42, ""steps"": 120, ""warmup"": 20, ""weight_decay"": 0.1, ""width"": 1024}"
13.961475541000027,115.19999999999999,width_sweep,5.692326545715332,5.8315043449401855,1031639552,13.96s,width-1024-lr0.0016-seed42,42,ok,"{""batch_size"": 8, ""context"": 128, ""log_ratios"": false, ""peak_lr"": 0.0016, ""planned_steps"": 120, ""schedule"": ""warmup_stable"", ""seed"": 42, ""steps"": 120, ""warmup"": 20, ""weight_decay"": 0.1, ""width"": 1024}"
14.282035871000005,115.19999999999999,width_sweep,5.5172014236450195,5.580271244049072,1031639552,14.28s,width-1024-lr5e-05-seed42,42,ok,"{""batch_size"": 8, ""context"": 128, ""log_ratios"": false, ""peak_lr"": 5e-05, ""planned_steps"": 120, ""schedule"": ""warmup_stable"", ""seed"": 42, ""steps"": 120, ""warmup"": 20, ""weight_decay"": 0.1, ""width"": 1024}"
13.886560694999957,115.19999999999999,width_sweep,5.4984822273254395,5.555212020874023,1031639552,13.89s,width-1024-lr7.0710678e-05-seed42,42,ok,"{""batch_size"": 8, ""context"": 128, ""log_ratios"": false, ""peak_lr"": 7.071067811865475e-05, ""planned_steps"": 120, ""schedule"": ""warmup_stable"", ""seed"": 42, ""steps"": 120, ""warmup"": 20, ""weight_decay"": 0.1, ""width"": 1024}"
13.930042479000008,115.19999999999999,width_sweep,5.502235412597656,5.5635762214660645,1031639552,13.93s,width-1024-lr0.00014142136-seed42,42,ok,"{""batch_size"": 8, ""context"": 128, ""log_ratios"": false, ""peak_lr"": 0.0001414213562373095, ""planned_steps"": 120, ""schedule"": ""warmup_stable"", ""seed"": 42, ""steps"": 120, ""warmup"": 20, ""weight_decay"": 0.1, ""width"": 1024}"
14.031524904000037,115.19999999999999,width_sweep,5.490431785583496,5.580979585647583,1031639552,14.03s,width-1024-lr7.0710678e-05-seed314,314,ok,"{""batch_size"": 8, ""context"": 128, ""log_ratios"": false, ""peak_lr"": 7.071067811865475e-05, ""planned_steps"": 120, ""schedule"": ""warmup_stable"", ""seed"": 314, ""steps"": 120, ""warmup"": 20, ""weight_decay"": 0.1, ""width"": 1024}"
14.030116754000005,115.19999999999999,width_sweep,5.498386859893799,5.577491760253906,1031639552,14.03s,width-1024-lr7.0710678e-05-seed2718,2718,ok,"{""batch_size"": 8, ""context"": 128, ""log_ratios"": false, ""peak_lr"": 7.071067811865475e-05, ""planned_steps"": 120, ""schedule"": ""warmup_stable"", ""seed"": 2718, ""steps"": 120, ""warmup"": 20, ""weight_decay"": 0.1, ""width"": 1024}"
13.95515905100001,115.19999999999999,width_sweep,5.488183498382568,5.560074329376221,1031639552,13.96s,width-1024-lr0.0001-seed314,314,ok,"{""batch_size"": 8, ""context"": 128, ""log_ratios"": false, ""peak_lr"": 0.0001, ""planned_steps"": 120, ""schedule"": ""warmup_stable"", ""seed"": 314, ""steps"": 120, ""warmup"": 20, ""weight_decay"": 0.1, ""width"": 1024}"
13.934847950000005,115.19999999999999,width_sweep,5.488429069519043,5.55397367477417,1031639552,13.93s,width-1024-lr0.0001-seed2718,2718,ok,"{""batch_size"": 8, ""context"": 128, ""log_ratios"": false, ""peak_lr"": 0.0001, ""planned_steps"": 120, ""schedule"": ""warmup_stable"", ""seed"": 2718, ""steps"": 120, ""warmup"": 20, ""weight_decay"": 0.1, ""width"": 1024}"
13.956305853999993,115.19999999999999,width_sweep,5.490863800048828,5.564528107643127,1031639552,13.96s,width-1024-lr0.00014142136-seed314,314,ok,"{""batch_size"": 8, ""context"": 128, ""log_ratios"": false, ""peak_lr"": 0.0001414213562373095, ""planned_steps"": 120, ""schedule"": ""warmup_stable"", ""seed"": 314, ""steps"": 120, ""warmup"": 20, ""weight_decay"": 0.1, ""width"": 1024}"
14.343611828999997,115.19999999999999,width_sweep,5.495110988616943,5.560908198356628,1031639552,14.34s,width-1024-lr0.00014142136-seed2718,2718,ok,"{""batch_size"": 8, ""context"": 128, ""log_ratios"": false, ""peak_lr"": 0.0001414213562373095, ""planned_steps"": 120, ""schedule"": ""warmup_stable"", ""seed"": 2718, ""steps"": 120, ""warmup"": 20, ""weight_decay"": 0.1, ""width"": 1024}"
1.4756878979999328,5.0,plotting,,,17039360,1.48s,plotting,,ok,{}
0.009720016000073883,2.0,packaging,,,17039360,0.01s,packaging,,ok,"{""profile"": ""full""}"
353.28842479900004,2470.7999999999997,total_runtime,,,1031639552,5m 53.3s,total-runtime,,ok,"{""profile"": ""full""}"
